{
  "project_info": {
    "project_number": "275350452851",
    "project_id": "acoustic-env-352906",
    "storage_bucket": "acoustic-env-352906.appspot.com"
  },
  "client": [
    {
      "client_info": {
        "mobilesdk_app_id": "1:275350452851:android:17f0a60634ee869c534806",
        "android_client_info": {
          "package_name": "com.slyvii.eyeam"
        }
      },
      "oauth_client": [
        {
          "client_id": "275350452851-98hprqt3b41th30b2km6tfuln3938qij.apps.googleusercontent.com",
          "client_type": 3
        }
      ],
      "api_key": [
        {
          "current_key": "AIzaSyBYt12bPsDrOtxu98OgQWlsPNj7EFevQRY"
        }
      ],
      "services": {
        "appinvite_service": {
          "other_platform_oauth_client": [
            {
              "client_id": "275350452851-98hprqt3b41th30b2km6tfuln3938qij.apps.googleusercontent.com",
              "client_type": 3
            }
          ]
        }
      }
    }
  ],
  "configuration_version": "1"
}